{"cameraMode":{"drawMode":0,"name":"Shaded","section":"Shading Mode"},"sceneLighting":true,"audioPlay":false,"sceneViewState":{"m_AlwaysRefresh":false,"showFog":true,"showSkybox":true,"showFlares":true,"showImageEffects":true,"showParticleSystems":true,"showVisualEffectGraphs":true,"m_FxEnabled":true},"in2DMode":false,"pivot":{"x":0.8717545866966248,"y":-0.37315332889556887,"z":11.70781135559082},"rotation":{"x":-0.1508069932460785,"y":-0.073475182056427,"z":0.011242475360631943,"w":-0.9857456684112549},"size":10.920249938964844,"orthographic":false}